"GDP_CAPITA","BALANCE","MANUFACTURE_IMPORTS","SERVICE_EMPLOYMENT","FOREIGN_INVESTMENT","FUEL_EXPORTS","GROSS_SAVINGS","INFLATION","EXPORT_TELECOM","LIFE_EXPECTANCY","ELECTRICITY_ACCESS","FERTILITY_RATE","HUMAN_CAPITAL_INDEX","FEMALE_LABOR_FORCE","POPULATION_65_ABOVE","EDUCATION_EXPENDITURE","URBAN_POPULATION","CO2_EMISSIONS","ARMED_FORCE","SURFACE_AREA","EXPORTS_GOOD_SERVICES"
2082.3921973316,5745536582.88077,45.2205947815806,38.4099998474121,0.661572001890286,10.2131805125,23.1006726994151,0.626149149168811,65.5161335201523,64.486,96.6161346435547,4.473,0.393489241600037,21.7414856541674,2.58492693988024,3.19979000091553,25.495,0.351865760083906,2.72297025466806,652860,43.9045976477212
13498.138167156,3381320661.71017,47.511441094006,42.9700012207031,7.94635135089316,1.66266621721824,16.5472333763493,2.02805963071136,29.8507575844567,78.458,100,1.617,0.628666281700134,42.7202643486612,13.7447359109736,4.51857595823028,60.319,0.437493132803186,0.643149316403738,28750,31.5719272134517
11908.5376066966,7160573448.0952,65.7905058756028,59.2200012207031,0.838207480046885,15.1890637439616,40.205962289443,4.26999020467078,62.9165796470092,76.693,99.6978378295898,3.023,0.531993925571442,19.849983881661,6.36249654497986,5.8663501739502,72.629,0.863726874411346,2.57082438714831,2381741,25.8611508241538
22612.7043309515,1027253512.80567,65.7905058756028,55.3479871378317,-5.73043646655,15.1890637439616,23.1006726994151,4.36929671750921,33.2652589512432,72.5507991213452,84.0450062636173,2.6488850931677,0.57220199957807,41.9158029477011,9.1360071551127,4.51857595823028,87.153,0.45258890990068,1.21273331845027,200,68.2316118935837
22612.7043309515,1027253512.80567,68.2945524421844,55.3479871378317,-5.73043646655,0.0136386652598846,23.1006726994151,4.36929671750921,33.2652589512432,72.5507991213452,100,2.6488850931677,0.57220199957807,41.9158029477011,9.1360071551127,3.2467200756073,88.062,0.155958299167722,1.21273331845027,470,43.9045976477212
7148.93325257707,-24959919442.242,59.2674911195402,42.1100006103516,-8.29905182490874,92.4178057714038,25.0927109172038,19.6286077209765,9.39425908702297,60.782,45.2900009155273,5.519,0.360190957784653,49.6065857510519,2.21637364776329,2.04470133781433,65.514,0.246830051534263,0.924175142089953,1246700,40.8362898299819
23290.6757386443,743227678.190102,78.7079066895287,77.9899978637695,2.232532212602,4.11937445415808,11.3939154816929,4.36929671750921,48.8354460299413,76.52,99.9895782470703,2.261,0.61736673116684,42.9825095568517,11.1177888760774,4.87773990631104,91.87,0.304081163878862,0.527253835984663,2780400,14.4366857499034
13018.8742919449,1724439946.46255,65.058561772382,51.4300003051758,2.14180606651725,3.7309961281298,15.3261013449164,2.52023382001631,25.1149007141753,74.945,99.9000015258789,1.755,0.58172595500946,44.2337134145411,11.2538176570131,2.25587010383606,63.149,0.464099631007672,3.91775602495482,29740,39.3928940286073
50169.1872936523,-20835551519.661,72.7881095963825,77.5,4.29284940490712,23.0697200710082,21.7391671977378,1.91140094445692,20.0881287725317,82.7487804878049,100,1.74,0.780833959579468,46.5731198116897,15.6564752275591,5.12344980239868,86.012,0.264262329399146,0.438503241263502,7741220,21.8697129487245
56960.0914258929,-1401668649.59702,76.2596048797102,70.870002746582,-6.28465704339647,2.09499489553737,26.7986748524401,1.99837981429546,41.6039287578292,81.6926829268293,100,1.47,0.768673121929169,46.6599794997615,19.0015664595899,5.22452020645142,58.297,0.154456826797484,0.491429343213823,83879,55.440654375526
14549.0618972126,-9841328000,67.9030417791215,49.0200004577637,2.97794611197123,91.7363919755309,32.1495600059931,2.26854690374005,16.6947249498029,72.864,100,1.73,0.62931215763092,48.7585855236796,6.19518275071493,2.45543003082275,55.68,0.612230826299107,1.60966292735127,86600,54.0922938620586
47485.6175980067,1066489361.7021,48.9156204341554,63.6300010681152,0.29408549051138,53.3203933261076,28.8244586821846,2.08766938046983,19.22024623803,77.163,100,1.987,0.663898766040802,20.4337220599333,2.42633387832394,2.36660718917847,89.287,0.901432617069137,2.10300104821459,780,79.2525219237919
5321.94022451796,17284133891.5706,65.7905058756028,39.7700004577637,0.753510982649492,15.1890637439616,35.4587859066099,5.5436213948647,62.3139032182722,72.32,91.8000030517578,2.036,0.458553284406662,30.7867578204562,5.15839063962068,4.51857595823028,36.632,0.342259415347924,0.333537843471079,147570,12.6747879443391
19428.0074589115,2502800000,54.1204078551364,58.060001373291,2.3762618776861,25.1356889584766,29.1584648752409,4.87230220550689,44.8643498775066,74.1756097560976,100,1.448,0.57220199957807,49.0403112903172,14.8451481743098,5.38111019134521,78.595,1.01909505960753,3.06799413615179,207600,70.4550452625374
52535.23221854,2106083467.83899,69.7656435210899,77.9400024414063,-7.65649926987642,8.57049718783793,24.4908638145495,2.05316499865181,62.2020111186878,81.5951219512195,100,1.62,0.762759745121002,46.6071764423229,18.7887437383395,6.38137006759644,98.001,0.193081624554394,0.613294591286856,30530,83.0246231349098
3236.29206474841,555598933.6757,33.194037848489,42.6399993896484,1.36073583540777,0.00438672014701453,19.6366054882063,0.644803622440778,2.09787397524047,61.47,39.2469177246094,4.836,0.396950334310532,49.5236297485359,3.25360529746338,2.93161988258362,47.312,0.596134746024899,0.25894282838284,114760,27.2742306189085
83368.6225507397,1083815440.3972,54.5921233196339,55.3479871378317,1.32046326053902,0.05428059229872,40.407359304979,4.36929671750921,39.8593731046613,81.6517073170732,100,1.3,0.57220199957807,41.9158029477011,9.1360071551127,4.51857595823028,100,0.45258890990068,1.21273331845027,4290,51.2581205281999
11619.5574665237,417465786.238524,65.7905058756028,33.6599998474121,0.108279483744831,15.1890637439616,24.2460113950801,2.72396386183716,0.694063666576213,71.46,99.974365234375,1.975,0.57220199957807,40.061454090431,6.00301171280561,6.85084009170532,40.895,0.590632990295745,1.21273331845027,38390,30.8177060148869
8862.31308813575,361744302.766251,77.8812612115514,49.4500007629395,0.750524780939579,34.8526923233055,16.1277862591369,2.27205987230148,11.6570665784882,71.239,92.8000030517578,2.73,0.57220199957807,44.4475986628645,7.19194739218447,8.89999961853027,69.425,0.607788705013499,1.26544474420396,1098580,25.9887950588635
14918.4851562103,4535713546.80884,64.1394985820501,52.1399993896484,2.98245884865305,9.78065848601169,17.0885393593681,1.41710814018026,30.480389610387,77.262,100,1.265,0.619265019893646,38.5362616298215,16.4703174710621,4.51857595823028,48.245,1.25937526583986,0.884317016701801,51210,42.6093499163243
16609.9625291615,-486166250.89866,73.5162623392678,61.8899993896484,1.69061675690844,0.183627415625328,27.1712433183883,3.2380155894771,20.3714718975613,69.275,68.2292633056641,2.874,0.412516504526138,49.3233694008874,4.22387434629301,6.72130727767944,69.446,0.507690985971416,1.00789066402077,581730,44.535786925164
15018.6824011943,-43372772617.715,74.9794871827818,70.6100006103516,4.07748708411665,12.7686622344956,12.4194019244415,3.66485028376724,62.2808504111034,75.672,99.6999969482422,1.73,0.545723736286163,43.5169007052837,8.92283783244003,6.08851003646851,86.569,0.237915514125061,0.742375204656466,8515770,14.6349994949752
23016.090640831,3200730000,61.3087231016476,63.310001373291,2.72719509208229,8.89258278500621,23.7193842220874,2.81454473824833,30.3919661302725,74.9634146341464,100,1.56,0.670277237892151,46.1609010332524,21.021914434268,4.51857595823028,75.008,0.733060128766654,1.11327573022753,111000,65.6959664260159
2168.4087062014,-290075987.63819,60.2901106031761,47.6699981689453,1.68919955715947,0.828034728125843,17.1079807630542,1.95594302672532,40.9512012276186,61.174,14.3999996185303,5.189,0.378283977508545,44.925837883155,2.40698082866355,5.488609790802,29.358,0.300469149566523,0.157334439918894,274220,28.0789061419219
779.717037494506,495923421.520625,61.1216601188401,10.3400001525879,0.0369812559091696,0.0235247921625841,5.53967594421649,-2.8146980766847,68.3648950300709,61.247,10.8849086761475,5.41,0.38957479596138,51.661209372902,2.24694046033717,5.07864999771118,13.032,0.187234768512547,1.06171816571705,27830,5.6856543143069
7028.17143256984,685908494.27557,55.4681077259282,66.2799987792969,5.73076747348433,15.1890637439616,34.4454320789803,1.25699566690509,7.52365503355509,72.782,90.411750793457,2.274,0.57220199957807,43.8106196834034,4.60932715666821,5.36884689331055,65.732,0.342087582596213,0.559028780665058,4030,48.9526443748728
4258.70523690938,5843765391.2086,74.345758858223,36.5999984741211,13.0744980659541,0.00071177172712838,25.3061367273945,2.45908515380133,3.44850678802923,69.57,81.0756530761719,2.503,0.490684866905212,48.955703501044,4.56868001756576,2.16285991668701,23.388,0.503533226658428,2.10496617969655,181040,61.5957275117758
3800.52695041483,533026892.16296,53.8435789691924,41.4099998474121,1.91398182081519,50.2692747814106,15.7064298235716,1.0742994515814,28.0891242473712,58.921,62.2000007629395,4.572,0.393320679664612,46.8006607764314,2.72887735524057,3.03096008300781,56.374,0.24715695815174,0.312733328381722,475440,18.7362534690181
49992.7622757708,16838323017.551,76.8189201043601,78.9400024414063,2.46931207254863,24.0190349725915,19.6436735933248,2.268225672481,50.4608771041953,82.0487804878049,100,1.5,0.800089955329895,47.501167593927,17.2320066788651,4.51857595823028,81.411,0.346182314460717,0.354960320436997,9879750,32.2801824238976
955.402048967975,1027253512.80567,72.2169292559692,23.3999996185303,0.81061260088137,0.0234095847313264,23.1006726994151,1.61215686991555,33.2652589512432,52.805,14.8423757553101,4.721,0.57220199957807,45.3851947348813,2.82577370666008,1.56587600708008,41.364,0.171235794295818,0.544094431206898,622980,15.9400300007701
1613.97959779722,1027253512.80567,65.7905058756028,22.7000007629395,4.10075324631691,15.1890637439616,23.1006726994151,4.27462198610544,33.2652589512432,53.977,10.1140403747559,5.747,0.299028992652893,40.7263121675002,2.48051894434901,2.25947999954224,23.059,0.104953338043393,0.670022148464262,1284000,36.1906824485852
25526.7055235622,-4210864648.27789,71.9924087849537,68.4599990844727,2.62680355492942,0.881231399393755,19.7806996604761,2.43488981353058,32.652936067574,80.042,100,1.649,0.665265142917633,42.1360592990044,11.5298016568816,5.43316984176636,87.564,0.332700248426297,1.35874278709946,756700,28.529044739773
15495.5484221015,-380073518632,58.3143167114541,45.6100006103516,1.69390529382545,1.86764407076313,44.4857478732542,2.07479039965578,60.7646288615898,76.704,100,1.69,0.64709883928299,44.702781867328,10.9208835350654,3.54249000549316,59.152,0.764332629196224,0.337094079549137,9600012.9,19.1121035364139
15044.0553365323,6393954919.21481,77.0610556979682,63.2999992370605,3.38083576651695,57.8787906155164,16.3655824881824,3.24023413752975,27.3038309939048,77.109,98.5,1.807,0.598653852939606,42.9665106934089,8.47804701986958,4.44910001754761,80.778,0.255210856035306,1.84189942241602,1141750,15.8997196775431
3146.53164606745,203634216.664224,57.8417979457667,46.0900001525879,0.477150042035581,4.11130283486664e-05,11.3897861622574,4.36929671750921,20.2955517777306,64.118,81.8589096069336,4.205,0.400950133800507,37.1402514084444,3.00700930649436,4.51857595823028,28.965,0.242595577631244,1.21273331845027,1861,12.909022989086
21319.0439930804,4619866055.2884,74.0154494752463,67.9300003051758,4.82943871297369,0.0326713597930168,14.384185930888,2.22111461526584,51.474432754981,80.095,99.6999969482422,1.754,0.603258788585663,38.8396401750751,9.54984767296984,6.76991987228394,79.34,0.132117931911289,0.422111732131272,51100,33.7385107761536
28877.2382842567,11409597379.9117,69.9814060523116,66.3399963378906,2.11957998153972,10.5649748380568,25.0058194050862,1.50012501041753,21.5946427901085,78.0707317073171,100,1.47,0.729365646839142,46.6181897865385,20.445433012423,3.90755009651184,56.947,0.30416586608516,1.01738839752383,88070,49.5103557829871
22612.7043309515,1027253512.80567,65.7905058756028,65.1900024414063,-5.73043646655,15.1890637439616,23.1006726994151,4.36929671750921,33.2652589512432,78.726,99.5212097167969,1.618,0.57220199957807,38.1541159077502,15.1862114171521,4.51857595823028,77.037,0.273884265867516,1.42461437469645,109880,14.5227386306847
40559.125,5302596429.57021,64.3000598387865,81.1699981689453,-4.35009192162885,41.0549306286964,15.3740962800425,1.43549119531762,21.5329518835937,80.828,100,1.329,0.754617035388947,46.0994596100188,13.7190617734483,4.51857595823028,66.81,0.30933860732519,2.59102178563505,9250,75.0738018631541
41135.4929835656,-9379267863.89499,84.1253783515073,59.7000007629395,3.34391039785703,1.93349422036721,26.9531606611986,2.14949494949492,48.2224226617861,79.0292682926829,100,1.71,0.764516711235046,44.6297169043111,19.4208768932343,4.26692008972168,73.792,0.489736491341975,0.4093594908742,78870,76.9591647541946
57482.9623999067,-12829124195.635,74.3941685140518,78.9000015258789,2.45600096718496,4.31161076936038,29.8798394900597,0.813609467455633,36.1966244069296,80.9536585365854,100,1.73,0.770831823348999,47.1055280614086,19.8129526369902,6.79277992248535,87.874,0.101858890233576,0.484601049679294,42920,56.5598044910739
5180.59694827309,80817686.14851,65.7905058756028,61.1100006103516,5.83497309667245,15.1890637439616,17.4988052952856,0.147970849877116,14.2528536429741,66.582,60.5641860961914,2.728,0.57220199957807,26.0777895933747,4.52757937811482,3.62773990631104,77.777,0.165444878150008,6.19167967149572,23200,156.619875027706
11996.3663443411,272947446.303704,65.7905058756028,55.3479871378317,14.1109143908535,15.1890637439616,-11.2629579888345,0.989191119189815,32.6352092739712,72.5507991213452,100,2.6488850931677,0.551737248897552,41.9158029477011,9.1360071551127,5.57154989242554,70.483,0.340437315374973,1.21273331845027,750,29.1932598071942
18134.9322584092,9559200000,68.0172057982588,71.0800018310547,3.20786379861054,5.08445368114336,24.046573786838,3.56443426013507,8.70534733512017,73.892,98.9000015258789,2.346,0.506880283355713,39.6993735429295,7.08281747649721,3.92848992347717,81.074,0.295552419724991,1.45566193076294,48670,23.5514313052003
11837.959268778,201590123.833599,66.9137481455609,52.6500015258789,1.29106623143389,40.7852721644812,25.0857995321645,-0.224103246005465,5.88900669535801,76.8,98.6999969482422,2.427,0.596219539642334,41.1672929769191,7.15728972666108,4.6214599609375,63.821,0.388731102923307,0.503268684353175,256370,22.6046839884209
8821.51945731413,5640257209.8609,63.3812368519623,61.0900001525879,1.58620478716365,3.53674673172561,15.5913609442311,1.09033000581896,42.3157831388373,73.096,97,2.039,0.544985711574554,41.8737471925703,8.28709000480629,3.60575008392334,72.023,0.270580503703945,1.5274772921177,21040,28.9343737810256
20873.0379596654,1027253512.80567,65.7905058756028,40.4900016784668,3.02418447763217,15.1890637439616,23.1006726994151,1.34988438751676,33.2652589512432,58.402,66.4528579711914,4.513,0.57220199957807,38.1065990400209,2.45787734677897,4.51857595823028,72.143,0.627216935635511,0.315639387441906,28050,59.6145344277884
22612.7043309515,1027253512.80567,65.7905058756028,28.9200000762939,-5.73043646655,15.1890637439616,23.1006726994151,4.36929671750921,33.2652589512432,65.941,49.7033843994141,4.056,0.57220199957807,46.161192951196,9.1360071551127,4.51857595823028,60.9424666666667,0.45258890990068,12.5693494777568,117600,43.9045976477212
36249.3581462876,1430915923.3405,65.7282230633561,67.0599975585938,4.04250268791939,6.25245637056531,28.8381485352993,3.43632688420445,46.0952878352497,78.2439024390244,100,1.67,0.774125277996063,48.2852371920812,19.6263568469749,5.2632098197937,68.88,0.615314168248453,0.949732232210948,45340,74.469196995113
8725.11044313722,-20209851.7795701,62.7689362924962,63.7700004577637,0.667072282268519,0.999438298059724,16.0883125865119,4.81506167461507,56.1633482734019,59.401,73.9157791137695,2.99,0.369540899991989,48.2069990767935,4.01458794083506,5.67916011810303,23.799,0.254079053776439,1.21273331845027,17360,40.4302189806101
2153.76908135974,11020751506.1033,73.6318292332582,23.4799995422363,3.98771253765884,8.76209733929005e-06,33.1630620897998,13.8330356586661,5.05663309798943,66.24,44.940601348877,4.247,0.384100586175919,46.6329319004117,3.50113299760986,5.06867980957031,20.763,0.196805768804533,0.264177011461951,1136259.41,8.37267586646371
49580.6051952837,-331502910.613586,60.889906799295,73.9499969482422,-3.83428376041318,8.47941929187425,23.4128211411402,1.08382098409299,70.9234454480715,81.7341463414634,100,1.41,0.814484000205994,48.0211485857293,21.7207875455222,6.27542018890381,85.382,0.176335231424862,0.916656966592946,338450,38.4677985848168
46576.6018489382,60733688952.121,75.4497267698503,77.2699966430664,2.77657814362353,3.29246555293983,23.1569198436634,1.85081508315494,54.8962436719475,82.6756097560976,100,1.87,0.755960285663605,48.2426450501162,20.0346247469881,5.40716981887817,80.444,0.120680963399812,0.995415959280694,549087,31.7136672102555
15095.9268000247,1027253512.80567,65.7905058756028,58.7000007629395,8.17599000229088,15.1890637439616,23.1006726994151,4.74906652083221,33.2652589512432,66.187,89.8815155029297,3.969,0.456387877464294,39.8112518434845,3.56390746835592,2.93345880508423,89.37,0.309859977541693,1.03250542835876,267670,54.2990764910062
14593.9244791426,4115776441.47,64.2107412410114,46.7099990844727,7.21994532289443,1.96997781402452,21.3445200498679,2.61524471397664,3.74641750713633,73.6,99.9000015258789,2.06,0.609057724475861,46.38224604024,14.8654914310525,3.5210599899292,58.632,0.559262556298198,1.34238022592809,69700,50.5585276931977
55235.366304833,-263291246064.46,72.9418783058653,71.4100036621094,4.19553156536299,2.06424587714665,29.7970886775221,1.73216766075662,56.926321900877,80.8926829268293,100,1.57,0.763772785663605,46.5908498445375,21.4619619953309,4.97576999664307,77.312,0.199236138413683,0.413357377030054,357580,47.3010457679357
5442.23589950668,-1808644837.5357,74.9933196144679,48.4799995422363,4.44140705490139,30.6056138754779,20.9378640340794,7.80876516610709,81.0064569552131,63.78,80.4000015258789,3.87,0.443490087985992,46.7415291737058,3.06889800693396,3.8861300945282,56.06,0.285717111834475,0.12072001780114,238540,33.4548958825786
29617.5483399732,26532107326.6205,51.4830188310437,72.4899978637695,1.89835335150904,34.3275993994739,9.720664629465,0.625621413453588,10.2987603475528,81.7878048780488,100,1.35,0.694805860519409,43.7634256264178,21.6552720778435,3.59734010696411,79.058,0.326581435955868,3.08946126983649,131960,38.9929061011015
22612.7043309515,1027253512.80567,59.9802530348558,55.3479871378317,-5.73043646655,5.96039293306854e-05,23.1006726994151,4.36929671750921,33.2652589512432,71.8865853658537,100,2,0.57220199957807,41.9158029477011,9.1360071551127,10.5601902008057,86.816,0.45258890990068,1.21273331845027,410450,44.4545789045455
17239.7456702205,365388898.037037,59.4784931797559,55.3479871378317,15.7738511239474,0.0167886799713183,23.1006726994151,0.804102313277037,4.96690181341566,72.384,92.3000030517578,2.063,0.541194915771484,41.9158029477011,9.62190679562869,3.55255007743835,36.272,0.266682257313593,1.21273331845027,340,43.9045976477212
22612.7043309515,1027253512.80567,65.7905058756028,84.3499984741211,-5.73043646655,15.1890637439616,23.1006726994151,4.36929671750921,33.2652589512432,79.859,100,2.313,0.57220199957807,44.7946989428528,9.84991071859466,4.51857595823028,94.78,0.45258890990068,1.21273331845027,540,19.2244224422442
8664.3343202623,7984768160,65.6109121844449,49.5400009155273,1.25995863140534,4.18284694557494,14.6741429517664,3.75186186704512,49.4839529463053,74.063,94.4292373657227,2.87,0.456771224737167,33.2357788741798,4.81207250828785,3.13704991340637,51.054,0.267776496048831,0.658504071482491,108890,18.1989699881601
2559.42554529443,-592430000,65.7905058756028,32.939998626709,2.97511257024732,15.1890637439616,8.34352392037722,9.82600180777342,78.5862785862786,61.185,45,4.7,0.369082599878311,53.6861355583495,2.92602244847935,2.38432002067566,36.14,0.272891412185218,0.286310545944614,245860,40.2070955328741
1947.36909498914,-46280788.384413,65.7905058756028,30.2999992370605,1.36670254905123,15.1890637439616,13.4258058045338,0.381324702791038,37.3601671990099,58.003,28.4950561523438,4.476,0.57220199957807,47.2881303150699,2.82371633615269,2.13787007331848,43.36,0.259423713959847,0.577407660188455,36130,25.2760949743129
12775.6713980142,710206018.91744,64.528494304068,59.2200012207031,24.6552899505381,0.00197253431649032,23.1006726994151,1.28284288443518,66.1685759618085,69.774,91.1983795166016,2.462,0.494343042373657,39.0478015641986,6.45027124309697,4.45058012008667,26.606,0.506920035484451,1.12342101524218,214970,43.9045976477212
3240.9243746958,3731633377.83399,65.7905058756028,64.0800018310547,0.638102587627495,15.1890637439616,13.56355851214,12.4814111170435,4.40397077668425,63.66,44.962345123291,2.935,0.444787979125977,48.6680862531492,4.94940384843253,1.63206994533539,55.278,0.211877251218231,0.0102079564896063,27750,10.8161897340876
5816.06737202683,5376473019.21267,63.3824952925684,49.1199989318848,5.99385418561572,0.308822578147583,19.5804765346002,4.34734937777536,73.2713302979085,75.088,91.5999984741211,2.46,0.480305939912796,38.1550849576591,4.69061765907812,6.05646991729736,57.096,0.411702083031313,0.527423251298909,112490,41.4548165613247
62513.955266957,32271922448.0179,87.5990159361404,88.5100021362305,26.8255240590301,0.119866004746752,25.7310777729923,2.40613432046539,17.2170541841079,84.9341463414634,100,1.072,0.821718037128448,49.4082029781107,16.8750483265122,3.32651996612549,100,0.45258890990068,1.21273331845027,1110,188.339507002291
31913.0746552476,2629192065.633,80.7518280720862,62.7299995422363,-40.0810562590773,2.80671616706979,26.7363064667465,2.85024792594642,50.5240342384046,76.0658536585366,100,1.55,0.705064594745636,45.5644499503311,19.1577253832321,4.62282991409302,71.351,0.330268318268905,0.838524071223982,93030,83.7442636315693
57211.3003077603,1507443474.55095,61.6425590850265,79.1800003051758,-2.370719437878,2.01382640511231,19.6405887563634,2.68291768267388,15.2804272602028,82.8609756097561,100,1.71,0.743431091308594,47.2310423868931,14.7950925565689,7.56170988082886,93.813,0.108098488918982,1.21273331845027,103000,46.6290881493725
6669.62278430014,186691649287.938,48.5266536317816,31.7199993133545,1.55821479344505,15.0674509533117,31.4104921569866,3.93882646691634,72.7978240190186,69.416,95.6999969482422,2.222,0.484795808792114,20.6307969712242,6.17995564947149,4.36373996734619,34.03,0.939643052841355,0.639281064240559,3287259,19.9278285988562
11643.3973183439,228302712.774994,65.0161590890692,48.0800018310547,1.81428979693517,23.3100285618431,31.6805227953516,3.19834641562404,31.6522211863166,71.509,98.5100021362305,2.311,0.53795725107193,39.2092626932632,5.85716561272863,3,55.325,0.583589366684352,0.507893006950886,1916862.2,21.0027464972455
10808.2088306983,-47484200000,65.7905058756028,58.3699989318848,-2.14854834807913,15.1890637439616,40.2809071705395,0.36744148893681,43.5830741683159,70.454,99.9000015258789,3.672,0.399482280015945,13.3806782843867,3.32359966279505,4.51857595823028,70.473,1.02151911948709,3.37055658321864,435052,40.8026420265318
84555.6348017403,-129048225358.847,79.3064130849807,76.4199981689453,17.4946584687148,0.852937980980002,33.9329460331824,0.488370168032449,79.5924963950662,82.2048780487805,100,1.75,0.813675343990326,45.8479974771365,13.8658017012923,3.39286994934082,63.17,0.105049452974894,0.36371281404394,70280,122.990378775336
22612.7043309515,1027253512.80567,65.7905058756028,55.3479871378317,-5.73043646655,15.1890637439616,23.1006726994151,4.36929671750921,33.2652589512432,72.5507991213452,100,2.6488850931677,0.57220199957807,41.9158029477011,9.1360071551127,4.51857595823028,52.588,0.45258890990068,1.21273331845027,570,43.9045976477212
39906.1246843388,16909900000,75.6765078291045,81.75,5.75806351489424,2.26461032824839,24.7567793176366,0.817323896191417,77.5930394996416,82.8024390243903,100,3.09,0.763064444065094,47.6267798235117,11.9769860249625,6.11233997344971,92.418,0.185586761672653,4.3367126301197,22070,29.9980486599107
43036.2437770367,-54146885808.837,68.0468223037335,70.1399993896484,2.11525548165585,3.47059417643658,21.0529465685357,1.13748763600395,39.4820457183906,83.3463414634146,100,1.29,0.752880394458771,42.6683797627746,22.7516796025077,4.25614023208618,70.438,0.17021512934211,1.30631993760572,302070,31.3535542007886
9967.42920828158,3514783018.40642,55.8923647429077,67.6800003051758,4.92423084532786,14.6465520335904,22.2386357667225,3.7366388215216,12.1306335595552,74.368,98.4871215820313,1.979,0.539271950721741,45.893104608046,8.79664255070196,5.41380977630615,55.674,0.574920333961848,0.415183287721321,10990,38.5638482851901
42116.4743457281,-10587297215.7209,57.5464662052987,72.0800018310547,0.501988769673437,1.81010139690813,29.0808595458864,0.989094598021806,55.2723552591577,84.2109756097561,100,1.42,0.840709209442139,43.9355342631123,27.576369910355,3.07782006263733,91.616,0.241574774142217,0.383555372214015,377974,18.3260176546997
10252.6188242774,10302112676.0564,54.4857785022713,73.1800003051758,2.22427809381336,1.71392273426769,10.5958099587295,4.46231108475485,4.99761355500746,74.405,99.9000015258789,2.761,0.546930193901062,18.9287132548226,3.84649039799834,2.98481011390686,90.979,0.603100871826935,3.95554667018964,89320,35.1547480791817
26154.6019350822,-25579209193.0405,77.4915112703669,63.4199981689453,0.196995407987547,70.0328506974731,27.7913301027031,6.01913096570673,10.056910793042,73.15,100,2.84,0.777060389518738,48.1016004522866,7.39184627103032,2.61595010757446,57.428,1.09124889516966,0.774313892456307,2724902,37.6252184252873
4443.45232207281,10199616295.8126,63.5979122471592,38.7299995422363,0.832686431508354,0.834754874486309,14.4681622623866,4.68981976129857,16.3234953115701,66.342,61.2845726013184,3.492,0.542186081409454,49.2266043383477,2.33918661191556,5.10761976242065,27.03,0.24365880499066,0.126819395278928,580370,12.541975333359
2197.69948408805,92163319.0857016,41.8808061434725,55.3479871378317,-0.583173505916005,15.1631521771927,65.7778496002684,0.564030491493466,22.8275472482517,68.116,88.1031646728516,3.569,0.470715492963791,41.9158029477011,3.95262717204589,11.9682903289795,54.057,0.430784044790468,1.21273331845027,810,9.65522493193976
11012.1096634242,3224882670.93589,65.7905058756028,55.3479871378317,4.04318903060896,15.1890637439616,28.6361969820149,1.05379773654998,13.6076542716359,72.6951219512195,84.0450062636173,2,0.569061994552612,41.9158029477011,9.1360071551127,4.51857595823028,60.9424666666667,0.45258890990068,1.21273331845027,655859.970963855,29.0534647196644
52290.9058973213,-45710575127.3353,78.6375747521448,76.0299987792969,-0.0154705438206089,90.8951500827978,39.7012978738285,0.543133148199589,43.4454299465014,75.398,100,2.082,0.564260244369507,25.5891862170544,2.55047238400198,6.38917016983032,100,0.786371068833174,1.01592767258434,17820,57.4954948554217
5255.78347282087,2993787899.84984,70.4178193189408,54.939998626709,1.74369127894699,7.58951017001161,26.5794060421284,1.54266145238431,15.4759637142842,71.4,100,3.3,0.593546211719513,38.5515768584318,4.49472797559656,5.55267000198364,36.351,1.45267199572044,0.830846095500392,199950,31.6017300051143
7774.2229979859,906821713.53371,70.0276131666803,24.9799995422363,7.48564437536693,24.2519769448921,23.1006726994151,2.04039266890198,6.37333267579425,67.61,97.7971572875977,2.667,0.456815421581268,49.2100055541706,4.0751499644481,2.36999988555908,35.004,1.07425707123568,3.50975731564191,236800,43.9045976477212
30877.0419264807,2965820781.5476,66.5403152372239,69.370002746582,1.24257767251278,5.24095881266315,23.0534710864974,2.53445424186602,36.9517940166117,74.7829268292683,100,1.6,0.738353431224823,50.011360711643,20.0436203206809,4.24356985092163,68.142,0.254747486116144,0.693707171122478,64570,61.4779651580068
15933.400974913,14912060612.7923,56.1650055008625,64.0699996948242,4.84140308955779,0.836215661571772,-3.79871244098699,6.07698907889605,25.9229671597586,78.875,99.6999969482422,2.087,0.524635970592499,24.8543092923182,7.00236813439294,2.52447009086609,88.593,0.552548087147397,3.60815931105806,10450,20.7545211582482
2677.12333389169,710398465.78789,69.4621012143848,41.6500015258789,1.62576308196126,0.02336823171302,17.6762675703737,4.75180301624742,18.3441925900233,53.705,47,3.141,0.398492515087128,45.3104446841351,4.90108749682213,7.28535985946655,28.153,1.09891322174742,0.217242304462917,30360,50.947089589845
1580.85466837543,524186601.21246,65.7905058756028,46.939998626709,3.77268493884788,15.1890637439616,23.1006726994151,23.5635148953742,0,63.73,22.8791332244873,4.315,0.317570239305496,47.2034453307535,3.25343179968014,2.50391006469727,51.151,0.407091082931551,0.0963767394280454,111370,43.9045976477212
25556.8544005915,-16044200000,55.3074168943755,58.6500015258789,0,95.3967472853869,29.9166277362361,4.36929671750921,19.8952879581152,72.724,67,2.24,0.57220199957807,35.6390097646959,4.39204025898401,4.51857595823028,80.102,1.49317574383035,1.21273331845027,1759540,39.6135044170514
22612.7043309515,1027253512.80567,65.7905058756028,55.3479871378317,-1303.13092078767,15.1890637439616,23.1006726994151,4.36929671750921,33.2652589512432,83.0414634146342,100,1.58,0.57220199957807,41.9158029477011,9.1360071551127,4.51857595823028,14.338,0.45258890990068,1.21273331845027,160,43.9045976477212
36376.1898152469,3367156687.6318,61.5598441081834,67.0500030517578,2.41826923350019,14.6035767557735,20.6400652231984,2.69792779208397,24.6669106324441,75.6804878048781,100,1.63,0.726695239543915,50.2237817029757,19.7050331564608,3.89293003082275,67.679,0.251825760063429,2.69464647669012,65290,75.2061038251665
116965.586110774,-2232781436.0733,67.0007341453206,87.1900024414063,-23.5064490150199,0.0980118110705392,20.0084889759826,1.52819524307373,29.1992635595073,82.2951219512195,100,1.38,0.692368566989899,46.2853690793018,14.1831541841472,3.64749002456665,90.981,0.147035519953148,0.620438552092347,2590,196.419701758415
1630.08813940303,457536440.28169,60.5342680969627,26.6399993896484,4.4955033434954,2.36826030618111,18.1839562999177,8.59422958870474,19.8752220746043,66.681,36.5,4.077,0.38549268245697,49.0747672035706,2.98671712579162,2.84409999847412,37.191,0.266826084014126,0.159984760521416,587295,31.8733358773057
1532.48931243263,1658353584.39635,75.1531884659569,17.9300003051758,0.779423435163535,0.100121199765757,23.1006726994151,12.420178108921,35.5856175249978,63.798,18.0200004577637,4.209,0.411061704158783,48.7462936812846,2.64543493031032,3.32295989990234,16.937,0.221342730561002,0.186689116773789,118480,43.9045976477212
28236.2071895568,-28425817652.206,69.0916611093026,62.2599983215332,2.3145700039249,15.6707664196549,26.1283348695974,0.884709160571244,36.2122803001209,75.997,99.9922409057617,2.001,0.632578670978546,38.5381526890911,6.67175462547886,4.47865009307861,76.036,0.686693410047051,0.876112195443109,330345,68.554971419686
2338.26031226403,382757521.96367,55.9580307437381,29.3400001525879,2.73738513260563,1.22657222099501,15.5588805837534,0.299546507387888,46.2338720730663,58.893,50.9000015258789,5.877,0.321505188941956,42.5920943497673,2.50722975755683,3.90556502342224,42.356,0.367296234269656,0.303604171868298,1240190,24.5223744016967
45568.7232072745,1745905368.92319,55.6978276263188,80.4100036621094,29.1795546726138,31.0009793297692,29.9102517949151,1.15782362451512,56.3976428610433,82.4487804878049,100,1.23,0.708490550518036,41.5383259347105,20.3493242997122,4.51857595823028,94.612,0.118058551261029,0.701133030978061,320,145.191923493646
5317.46429363969,706413770.89855,48.453279434996,50.810001373291,10.5118931889605,15.1890637439616,32.4356705823536,3.04891482875157,49.8690693129212,64.704,44.3121376037598,4.561,0.3705914914608,30.9062983636629,3.14111215805009,4.51857595823028,53.672,0.606087142299298,1.74800844409643,1030700,34.2762366853613
22738.6929559433,3015030678.51768,55.4164713770232,69.6900024414063,3.24716512065223,1.10012600197178,18.0554865699466,3.2160538314458,23.4167452302124,74.4163414634146,99.448844909668,1.41,0.62326991558075,39.1657417283893,11.4741730686522,4.83458995819092,40.793,0.315798000447807,0.499217061242285,2040,40.963437338963
20096.1566534339,13767630490,76.1818557551033,61.060001373291,3.09633843031162,6.56789954446644,23.6819982588217,4.89935015356549,1.71100021156241,74.992,99.5,2.129,0.611657083034515,37.7169456249161,7.22368498087198,4.2542200088501,80.156,0.376187590117849,0.630548566925274,1964375,39.2575517289021
12658.5037557636,3.294e+09,66.3575175581613,56.1399993896484,2.56086803365294,0.0472646433145928,15.2200871594495,3.04505397337069,43.2208665338645,71.808,99.9899978637695,1.262,0.581760942935944,48.5323271576832,11.4695563413512,5.43973016738892,42.629,0.972797249692085,0.723571123511826,33850,30.138704886374
22612.7043309515,1027253512.80567,65.7905058756028,55.3479871378317,-5.73043646655,15.1890637439616,23.1006726994151,4.36929671750921,33.2652589512432,72.5507991213452,100,2.6488850931677,0.57220199957807,41.9158029477011,9.1360071551127,4.51857595823028,100,0.45258890990068,1.21273331845027,74.92,43.9045976477212
12316.0010702258,-685254141.37398,65.5783540796382,52.7299995422363,14.8088800078253,45.785866315202,22.1408945209312,6.81243594195042,26.1416831526124,69.689,98.0999984741211,2.895,0.617309272289276,44.7348222989664,4.08353878726245,6.17301988601685,68.445,1.58764627278967,1.34907816802807,1564116,58.1647822763909
21513.2997530468,2413918035.32068,65.6202710042096,73.0800018310547,8.81892193304586,20.8065874914252,14.8960303919703,2.61122378263797,15.3110560924388,76.8414634146342,100,1.76,0.622822225093842,43.9422270713251,14.9749366447439,4.51857595823028,66.813,0.548644266595048,4.33261883128046,13810,42.8750002680603
7624.84423828125,20252571152.0685,64.7913527821273,42.9799995422363,3.00127049551751,1.16507267387717,27.8070140637269,1.8039167114189,36.1324235582627,76.453,98.0999984741211,2.415,0.492540985345841,26.0428784202698,7.0129048211122,5.34884786605835,62.453,0.606440851770089,2.06183353202318,446550,38.7774783641854
1320.54788029461,971515211.296,53.443877564705,20.9599990844727,11.3035763592629,46.5599407079657,12.9309275345394,3.91133439990733,5.57059180703122,60.163,31.1000003814697,4.852,0.355467021465302,52.3300648386726,2.8907644574499,5.45218992233276,35.988,0.373616519990991,0.0869411247899343,799380,44.8700028830136
4574.59617785102,4131887106.4751,64.6221609652791,34.560001373291,2.63340940138882,21.9287415471034,26.0657718391109,6.87232865662918,54.7405402776518,66.867,66.2272796630859,2.154,0.471832513809204,41.0870664326325,5.78464193257209,2.15748000144959,30.579,0.449035215176927,2.1093666735526,676590,28.3597133642041
10328.4475329955,1555387434.10169,59.0750305976077,61.189998626709,1.71299267803583,0.578722935645166,11.6490841178925,4.29159105337873,28.1926719389325,63.373,54.0028953552246,3.396,0.445078074932098,49.3720559970796,3.63603168074514,8.88112258911133,50.032,0.374552257106771,1.74825943730236,824290,35.8825652135406
3863.87040205106,11930726796.0736,60.4664963857076,20.1100006103516,0.206157197973827,0.015293107300744,42.6031207967578,4.0611633875107,46.6014644997108,70.478,93.9199981689453,1.917,0.498192399740219,56.0020474199944,5.72767077569198,4.43445014953613,19.74,0.419236124776167,0.684681983010807,147180,7.81564102212329
57826.6284976675,-84612327562.381,64.8340202001609,81.7300033569336,-37.7123994590413,10.7424823822268,31.7993151574421,1.70349794744475,66.2974764311151,81.8121951219512,100,1.59,0.803038597106934,46.4389863833057,19.1961926333387,5.35764980316162,91.49,0.183502743528542,0.445639224861094,41540,84.6834636757465
22612.7043309515,1027253512.80567,65.7905058756028,75.3199996948242,2.5370084930326,15.1890637439616,23.1006726994151,4.36929671750921,33.2652589512432,77.4341463414634,100,1.97,0.57220199957807,45.9690982889691,9.17415792537671,4.51857595823028,70.683,0.45258890990068,1.21273331845027,18580,43.9045976477212
42520.7544165013,3522353764.09969,72.7205136476562,74.3000030517578,1.18728563942506,1.81397552900763,20.2388402985224,1.59829703801698,27.7275688365747,81.8585365853659,100,1.71,0.771214008331299,47.6682349080942,15.6524245271741,6.04850006103516,86.538,0.163075764971013,0.336716980780625,267710,27.8715229150548
5866.57109970782,1604100000,69.5284171018034,52.75,6.43059172530585,0.258275782295684,22.0076179012526,4.94723728039882,51.4381058318767,74.275,87.1166763305664,2.404,0.507381021976471,38.5285502559544,5.24749744838026,4.46999979019165,58.522,0.386297358887198,0.408193671569413,130370,42.2771467780081
1229.08009097818,1079306170.62318,66.5095244846594,20.3600006103516,3.63849343946544,14.4108408351923,22.9796796014265,2.96760366004454,44.9120615829323,62.024,17.6000003814697,6.913,0.318029463291168,42.7480651481902,2.59500788269853,3.457279920578,16.425,0.198672993044775,0.124809604765546,1267000,11.8352698611252
5278.23132070641,-20467324945.3997,57.466729865498,52.4599990844727,0.195182772580418,94.1137790383516,19.2625866679991,12.0947315505318,6.74521595844072,54.332,56.5,5.387,0.354753166437149,44.7424216344106,2.74737700532743,4.51857595823028,50.344,0.265549008378969,0.368906721769971,923770,15.4968891804996
69808.3294106839,-33816312280.7519,75.6275565067605,78.4300003051758,-1.29618383212857,62.1231169933481,36.0207068899366,2.76483134528794,32.6679287245935,82.7585365853659,100,1.56,0.76853483915329,47.9051590297264,17.0492221563211,7.64411020278931,82.248,0.0925744799542655,0.827908897973137,625221.59,37.9716930695855
33373.3810042941,-18084325681.0585,70.5203552186227,63.3899993896484,6.49272396543883,75.1854018575277,26.987770009095,0.881302104009536,13.6011116807377,77.633,100,2.888,0.611187338829041,12.592959246876,2.39278695625796,5.20723009109497,84.539,1.00755114620297,1.74611816573659,309500,50.6213051386994
5420.69579177178,3.1911e+10,52.8212993101388,37.5999984741211,0.4877456708772,2.13426606062679,11.8825856190678,5.07805725868917,68.6704054834086,67.114,72.7831039428711,3.51,0.399303585290909,20.5717375926052,4.31277431133756,4.51857595823028,36.666,0.653287484346993,1.34879125005653,796100,8.58179970762808
31780.5990926928,9208715630.96,78.6492714848197,67.0299987792969,8.11228963341622,0.117134615486909,29.963230129006,0.761578359399943,6.48712936017458,78.329,94.9285202026367,2.461,0.513944387435913,40.1750499424097,8.10473107966757,2.8829300403595,67.709,0.1632794129648,1.33453509929968,75320,42.7909639750734
4289.67688330437,-6994646099.48097,65.7905058756028,30.1200008392334,4.70620740433816,15.1890637439616,23.1006726994151,4.37448921453166,62.174203778825,64.263,55.7273864746094,3.564,0.424772053956985,48.466705906148,3.44526925145617,1.8748300075531,13.169,0.315302772367747,0.136353409857897,462840,43.9045976477212
13134.1633628682,-581983211.304899,76.3212959266707,61.3400001525879,0.481848415666394,23.3215570806625,22.7701533186294,3.97561015740691,25.1335409687564,74.131,99.5999984741211,2.429,0.527505993843079,40.6117363571935,6.43021500946081,3.28320002555847,61.585,0.206165181624623,0.820694542877392,406752,36.9452303590837
13086.7903530507,-7200895881.33141,70.064344851794,56.8199996948242,2.63824378661164,8.8875264253518,20.2898326470892,1.50915423024742,12.7173952932102,76.516,95.1999969482422,2.254,0.594615280628204,45.8003805414001,8.08839279183076,3.71429991722107,77.907,0.258098188728022,0.862361108692922,1285220,25.1921846722472
8719.58797881042,50972497468.4804,73.7537801003281,56.6399993896484,2.86833662667894,1.69571571942116,33.8070463160369,5.30934661627714,70.534808867204,71.095,94.4482650756836,2.576,0.549015581607819,38.7079810344479,5.12256876829946,3.1331000328064,46.907,0.380952922803548,0.353126916392833,3e+05,30.2136053733275
31953.0350337072,7.327e+09,76.2314017741065,58.5699996948242,3.0002804923747,2.59802361348933,19.4021490981851,1.81295156542681,50.6286857159664,77.6024390243903,100,1.46,0.760222196578979,44.7273309705779,17.5178167625452,4.61579990386963,60.058,0.574584535762013,1.08228305933195,312690,55.2414620408144
34928.5435337746,18414273554.3315,69.1303734329597,69.1100006103516,3.23799499125134,6.89396581089387,18.3323228355299,0.99371568346825,25.3147673540268,81.3243902439024,100,1.42,0.783440172672272,49.1533719987082,21.9538575375873,4.67515993118286,65.211,0.229967128666745,0.993215152452348,92225.6,43.4457190264876
35118.7827748779,1027253512.80567,65.7905058756028,83.5199966430664,-5.73043646655,15.1890637439616,23.1006726994151,4.36929671750921,33.2652589512432,79.7781951219512,100,1.035,0.57220199957807,42.7976702350683,18.6748502103569,4.51857595823028,93.578,0.45258890990068,1.21273331845027,8870,60.0186276938321
93143.3455659589,-50981318681.3186,77.1084826105088,44.4700012207031,-1.19249695204943,86.1296391093726,49.7420369696721,0.255815382724374,8.11675268086195,80.1,100,1.866,0.634825527667999,13.6560634017369,1.3700703387375,4.51857595823028,99.135,0.54245037959456,1.0138166708241,11490,55.9418631732842
29342.0411489328,18018649714.6362,79.0165027597233,47.6599998474121,3.0413480951196,4.09581018076912,18.1273451797227,4.62548443137781,57.3002157021733,75.3585365853659,100,1.76,0.594410121440887,43.0693370380789,18.3387013938296,3.34474992752075,53.998,0.358888113407662,1.39989490836328,238400,41.8616969020051
2138.64992682236,1154517937.32582,57.3070631130926,28.1800003051758,3.79771397053202,0.315761583690096,11.1610187256043,-0.311210160390642,9.03554036379073,68.7,36.9681510925293,4.044,0.376912027597427,51.782519250176,2.9381960775388,3.07375001907349,17.211,0.10571739222227,0.567851800414694,26340,21.0980867012355
60969.1659026994,1027253512.80567,65.7905058756028,55.3479871378317,-5.73043646655,15.1890637439616,23.1006726994151,4.36929671750921,33.2652589512432,72.5507991213452,100,2.6488850931677,0.57220199957807,41.9158029477011,9.1360071551127,3.55516004562378,97.226,0.45258890990068,1.21273331845027,60,166.597498710146
48767.8365476376,-168749482666.667,69.8658892767721,72.6900024414063,0.520110011812292,81.0169837485904,35.1899798600417,2.45814158007533,5.95231155919844,74.998,100,2.319,0.580753028392792,15.7646730685394,3.31408802294981,7.08581304550171,83.844,0.760860518541223,1.78575174195831,2149690,38.5653693884461
3388.55015849,3396203128.99276,47.433413009251,56.0999984741211,3.66762694717928,15.7717618687425,23.0603251058754,0.46098564246427,43.0223020809176,67.665,66,4.625,0.421063333749771,40.134970687999,3.08682370101833,4.85822010040283,47.192,0.457208056251552,0.454052233094793,196710,22.9488948770268
17717.9058010775,5983126607.8191,65.7905058756028,57.1699981689453,8.04076379354097,15.1890637439616,18.6807236871375,1.95984076293803,57.3491527727812,75.890243902439,100,1.49,0.759485483169556,44.0990667601455,18.3457926916963,3.58231997489929,56.092,1.04158650904195,1.00222672020604,88360,50.4345612977047
29427.1647161205,615403894.79319,50.0593511244288,55.3479871378317,18.8023445742891,0.00444239553695,10.2162053024097,3.70291839111564,32.6457059822377,72.8414634146341,100,2.41,0.630557179450989,41.9158029477011,7.59454560435034,4.49883985519409,56.691,0.405272970373533,1.21273331845027,460,94.9176071590175
1694.12841362103,324975424.881508,63.9437454597163,37.9700012207031,6.13069806263831,0.143317650742994,-9.2065129606243,16.0327898535814,6.65333473364321,54.309,26.1000003814697,4.263,0.35328620672226,50.3608938267584,2.96655621131612,6.98963022232056,42.055,0.211474142210814,0.332711228573397,72300,17.4672993262746
100686.237096513,-104137130006.61,66.406064863848,83.9499969482422,21.533406610475,13.1200446541319,41.8810416198564,0.438620118446782,42.4254235865009,83.2975609756098,100,1.14,0.887083649635315,41.7526261570075,11.4633801933791,2.85597991943359,100,0.137563130422143,1.68880093130215,719,176.592144152422
31214.5925736482,251732874.229691,81.8486364932375,61.189998626709,2.13122935057041,3.01754593258756,22.4182704886491,2.51403712883808,43.1439726561709,77.2658536585366,100,1.54,0.680050134658813,45.3104697047721,15.629246504777,3.97256994247437,53.726,0.3421386393968,0.575609692323001,49030,96.2887867213636
38961.5443523867,-1511164316.6846,74.3211661495328,61.1699981689453,2.83979988625356,5.20932753188527,27.3256609836048,1.73860861988181,34.5172125021725,81.3780487804878,100,1.6,0.7886883020401,46.199067387208,19.6068796541788,4.93587017059326,54.541,0.288691157274693,0.69950783593502,20480,84.8152032316064
1156.51609418775,1027253512.80567,65.7905058756028,17.0699996948242,6.97355159717725,15.1890637439616,23.1006726994151,4.36929671750921,33.2652589512432,57.068,50.7649765014648,6.072,0.57220199957807,31.2004809960101,2.87331094294556,4.51857595823028,44.971,0.158928562488354,0.724567939771571,637660,19.1259907978879
14207.4328532031,-1742858683.16071,62.2396126851049,71.7099990844727,1.37571218998329,10.9922042428029,13.5652342049116,4.51716522786587,24.756160193937,63.857,84.6999969482422,2.405,0.422549337148666,44.904110620303,5.31800500542302,5.64401006698608,66.355,1.32921545425256,0.396535943384664,1219090,27.4885881268174
22612.7043309515,-893270000,65.7905058756028,22.8299999237061,-5.73043646655,15.1890637439616,23.1006726994151,83.5015294921999,90.0362705355238,57.604,6.17316961288452,4.696,0.305912971496582,49.4480498924314,3.39848287985152,4.51857595823028,19.615,0.45258890990068,3.93051194811894,633906.576,43.9045976477212
40696.3876815487,34516832100.595,65.8605685940071,75.4599990844727,4.12571580987284,6.55643130447885,22.3575223681613,1.67498136863794,33.0439259864396,83.4317073170732,100,1.26,0.736156404018402,46.4438495390997,19.3785075224995,4.18157005310059,80.321,0.199185228576151,0.848907445093393,505957.289,35.1625876058272
13167.5552958504,10343092701.2377,65.7905058756028,46.560001373291,1.83491153361423,15.1890637439616,26.7007081274094,2.13503773713198,13.1961183246204,76.812,99.5648727416992,2.199,0.59337055683136,33.8788936780578,10.4732197537841,2.13539004325867,18.476,0.240097659873216,3.73125939656472,65610,23.0385226438149
4474.15576171875,3580391037.0628,65.7905058756028,43.8300018310547,3.51269523880448,15.1890637439616,31.9454924504974,63.2925073455883,2.03756120784317,65.095,52.4470024108887,4.407,0.376040458679199,30.2856348247169,3.58116052825144,4.51857595823028,34.642,0.281132457960606,1.0167502029615,1854105.405,0.611168056311933
53521.6306428288,-11155846965.685,68.8191294407825,80.0899963378906,-0.246421087777435,7.4346745116462,28.6546032296377,1.95353530127029,66.953972492793,82.5585365853659,100,1.76,0.802509963512421,47.7020933562943,20.0955249278002,7.64084005355835,87.431,0.0667762993541713,0.28056111482209,447430,45.6830615126713
71660.2068398902,-72484306612.617,65.2055581361364,76.5100021362305,-21.8054744512594,0.936365801100422,31.9041875801641,0.936335464113605,53.9883666398942,83.7536585365854,100,1.52,0.766107618808746,46.591952411638,18.6232165647717,4.86325979232788,73.797,0.0500336154438708,0.432353942473343,41290.39,66.1556552660556
22612.7043309515,1027253512.80567,65.7905058756028,66.5299987792969,-5.73043646655,15.1890637439616,23.1006726994151,4.36929671750921,33.2652589512432,71.779,86,2.808,0.57220199957807,18.4938480300367,4.50312442147583,4.51857595823028,54.162,0.45258890990068,5.0252423288944,185180,14.9054565062558
3496.89134143444,1889538718.14957,56.8008660485161,38.7400016784668,2.84432481729144,7.36663067485168,34.5852136566733,4.36929671750921,19.8720997479905,70.879,99.3000030517578,3.585,0.542126297950745,37.9536024260829,3.02188755207627,5.55836009979248,27.134,0.719353980298222,0.706626091747827,141380,14.3754784742862
2652.08129882813,4190373551.90683,69.4288869609767,27.8999996185303,1.70440977350521,0.886836468069654,31.4397094849295,3.49445848856184,6.81613558558593,65.015,35.048023223877,4.892,0.386261075735092,48.2823925548815,2.60129917835952,3.69643998146057,33.776,0.203115646199632,0.10603812517475,947300,14.7391434287158
18533.964726539,-22387658665.9,66.5331236927636,45.060001373291,2.60211315231686,4.22547410116581,31.675266496001,1.06389754183022,15.7927584259389,76.931,99.8199996948242,1.525,0.616861402988434,45.6086852051522,11.9008931395893,3.05677008628845,49.949,0.572336570615959,1.16540883136231,513120,64.838096899332
2110.57967372822,782473426.24768,58.8431172191902,47.6300010681152,-2.54453890986984,13.0291147897831,15.5108122612095,0.928170503538593,32.7281732545702,60.76,50,4.32,0.420792758464813,48.7379830310094,2.86946801108822,4.04394006729126,41.702,0.467490290359072,0.355865123019406,56790,23.943475257357
11670.3279404936,5870979522.9579,68.8203601633658,52.2200012207031,2.31678663612885,5.68962559679174,11.5454274252973,7.3075917603165,18.3025769930313,76.505,99.8000030517578,2.197,0.509609520435333,28.8427943775514,8.31567907898877,4.51857595823028,68.945,0.655472187900303,1.16234620797924,163610,45.4857481712255
15200.001550517,1027253512.80567,65.7905058756028,39.0499992370605,4.89948824038576,15.1890637439616,23.1006726994151,4.36929671750921,33.2652589512432,68.073,100,2.786,0.57220199957807,41.3676858060326,4.42663446194014,4.51857595823028,51.593,1.66810210023797,2.19832376488636,488100,22.6638117732813
2175.55372017659,2461952791.27969,60.0689520140356,21.0100002288818,3.20512811057536,5.40337893135784,21.3276374033633,2.62397505207709,16.0456553523375,62.973,41.9199981689453,4.955,0.382125794887543,49.3727971999563,1.94098692046317,2.13052010536194,23.774,0.164613863868135,0.291080619080385,241550,15.0870530613121
12631.6572265625,1.2714e+10,63.5272613696814,60.9599990844727,3.80087103565933,1.81962240086264,13.6221653668706,10.9518559353179,51.3323892893924,71.5826829268293,100,1.301,0.642378509044647,48.0956058814011,16.4346864392016,5.3199200630188,69.352,1.8798696106176,1.403930656036,603550,45.2352356625927
68568.0992797355,1027253512.80567,71.2903873284806,63.939998626709,2.45971482015894,68.5381737167988,23.1006726994151,3.06863379251994,33.2652589512432,77.814,100,1.413,0.676001250743866,16.9333948846213,1.08500098484481,4.51857595823028,86.522,0.523859987083143,0.96717604093089,98647.9,93.0481227978656
47573.4880155177,189751300507.28,70.0932234577577,80.8000030517578,-0.863744974538628,9.45873392804059,14.1188012020137,2.29283990345939,53.1946694782656,81.2560975609756,100,1.68,0.776982247829437,46.9328772906074,18.3958656741466,5.16799020767212,83.398,0.116749897720751,0.430140602517312,243610,30.5063972258759
62805.2537579917,8.78748e+11,77.3349975295966,78.7600021362305,1.0440559799348,13.5299938279588,19.7173539036459,2.44258329692818,46.9510045403222,78.6390243902439,100,1.7295,0.713683247566223,46.1907553625692,15.8076540556035,4.91233015060425,82.256,0.254772131668365,0.838097652444013,9831510,12.3422406727509
23585.394039402,-2290670235.19763,68.5668867278956,72.4400024414063,2.41709891356721,1.19489211832587,14.441697898666,7.60653360377044,35.5521844556555,77.77,99.8000030517578,1.973,0.602367758750916,46.1175030908586,14.8145195308593,4.66279983520508,95.334,0.117860835574064,1.26730938175946,176220,26.3964363013547
7252.13735491313,6866855260.735,79.9246776241605,50.689998626709,1.18686912904352,24.9394912096299,35.6071622043046,4.36929671750921,10.8754105862956,71.573,100,2.604,0.57220199957807,39.9879399249022,4.4191378781364,5.90000009536743,50.478,1.17187674105004,0.486005159802427,448924,26.9618975737415
3166.98089690364,239677850.48734,65.7905058756028,28.9699993133545,4.10866391285911,15.1890637439616,39.416866768673,2.3309637956687,3.28849187951593,70.323,61.7545127868652,3.782,0.444750398397446,43.5477890800058,3.64015306819735,4.51857595823028,25.274,0.215039851035734,1.21273331845027,12190,59.793394990672
9776.81949992139,-16539629000,76.7963090042353,34.6599998474121,5.02102210023935,1.6139127032886,23.1006726994151,3.53962805942641,33.2652589512432,75.317,100,2.049,0.687239348888397,47.4226559681118,7.2749782978793,4.16744995117188,35.919,1.09850845112511,0.940509596927496,331230,43.9045976477212
3605.6760951307,-513903775.560909,64.2042899546899,39.2900009155273,1.55231396923024,1.02468869244334,41.8258279623861,7.49457192728511,7.51647102090296,63.51,40.3178901672363,4.633,0.39117556810379,48.2253717551454,2.09967802593266,4.73974990844727,43.521,0.325928223660417,0.227168218347883,752610,37.9574045480394
2556.7934843227,1938390530.80537,58.113619084857,27.2299995422363,3.9627036899328,1.01057156468968,2.35841058682791,10.6188658669575,12.3317648087391,61.195,45.5726470947266,3.615,0.461241573095322,51.5127885015525,2.93952365300113,3.86611008644104,32.209,0.562954318613841,0.725588740570014,390760,28.0497570808049
